Nom_du_levé;Coordonnées;aif;air_proteges;dpl;dpm;enregistrement individuel;litige;parcelles;restriction;tf_demembres;tf_en_cours;tf_etat;titre_reconstitue;zone_inondable
leve1.jpg;"[{""x"": 427484.52, ""y"": 704121.76}, {""x"": 427498.33, ""y"": 704118.81}, {""x"": 427493.17, ""y"": 704094.38}, {""x"": 427479.46, ""y"": 704097.27}]";NON;NON;NON;NON;NON;NON;OUI;NON;NON;NON;NON;NON;NON
leve212.png;"[{""x"": 392930.09, ""y"": 699294.99}, {""x"": 392922.77, ""y"": 699270.66}, {""x"": 392919.76, ""y"": 699249.8}, {""x"": 392871.22, ""y"": 699271.92}, {""x"": 392873.34, ""y"": 699293.5}, {""x"": 392874.36, ""y"": 699299.8}, {""x"": 392915.99, ""y"": 699294.09}, {""x"": 392925.48, ""y"": 699293.9}]";NON;NON;NON;NON;NON;NON;NON;NON;NON;NON;NON;NON;OUI
leve213.png;"[{""x"": 422579.92, ""y"": 707089.92}, {""x"": 422590.0, ""y"": 707089.0}, {""x"": 422586.42, ""y"": 707062.41}, {""x"": 422570.26, ""y"": 707064.02}, {""x"": 422576.18, ""y"": 707087.24}]";NON;NON;NON;NON;NON;NON;OUI;NON;NON;NON;NON;NON;NON
leve214.png;"[{""x"": 457115.91, ""y"": 704818.57}, {""x"": 457141.67, ""y"": 704662.94}, {""x"": 457045.27, ""y"": 704636.33}, {""x"": 456880.34, ""y"": 704590.8}, {""x"": 456853.12, ""y"": 704778.96}, {""x"": 456876.42, ""y"": 704782.31}, {""x"": 457017.04, ""y"": 704803.6}]";NON;OUI;NON;NON;NON;NON;OUI;NON;OUI;OUI;NON;NON;NON
leve218.png;"[{""x"": 425674.33, ""y"": 711123.56}, {""x"": 425699.48, ""y"": 711121.98}, {""x"": 425697.24, ""y"": 711105.79}, {""x"": 425675.87, ""y"": 711108.12}, {""x"": 425673.34, ""y"": 711112.9}]";NON;NON;NON;NON;NON;NON;OUI;NON;NON;NON;NON;NON;NON
leve219.png;"[{""x"": 402012.05, ""y"": 741959.29}, {""x"": 402048.33, ""y"": 741943.52}, {""x"": 402051.44, ""y"": 741941.32}, {""x"": 402046.58, ""y"": 741923.44}, {""x"": 402032.96, ""y"": 741880.99}, {""x"": 402025.18, ""y"": 741867.91}, {""x"": 402021.6, ""y"": 741871.19}, {""x"": 401995.47, ""y"": 741883.97}, {""x"": 402000.0, ""y"": 741911.92}, {""x"": 402006.86, ""y"": 741933.66}]";NON;NON;NON;NON;NON;NON;NON;NON;NON;NON;NON;NON;NON
leve220.png;"[{""x"": 405865.72, ""y"": 707154.49}, {""x"": 405879.49, ""y"": 707147.88}, {""x"": 405867.94, ""y"": 707123.21}, {""x"": 405853.67, ""y"": 707130.15}]";NON;NON;NON;NON;NON;NON;NON;OUI;NON;NON;NON;NON;NON
leve221.png;"[{""x"": 402778.58, ""y"": 722915.73}, {""x"": 402803.8, ""y"": 722914.75}, {""x"": 402803.61, ""y"": 722894.92}, {""x"": 402778.31, ""y"": 722895.93}]";NON;NON;NON;NON;NON;NON;NON;NON;NON;NON;NON;NON;NON
leve23.png;"[{""x"": 401372.81, ""y"": 712354.66}, {""x"": 401374.38, ""y"": 712334.71}, {""x"": 401349.45, ""y"": 712332.75}, {""x"": 401324.51, ""y"": 712330.79}, {""x"": 401322.94, ""y"": 712350.74}, {""x"": 401347.88, ""y"": 712352.7}]";NON;NON;NON;NON;NON;NON;NON;NON;NON;NON;NON;NON;NON
leve24.png;"[{""x"": 401344.03, ""y"": 712401.54}, {""x"": 401347.82, ""y"": 712353.35}, {""x"": 401322.94, ""y"": 712350.74}, {""x"": 401319.1, ""y"": 712399.58}]";NON;NON;NON;NON;NON;NON;NON;NON;NON;NON;NON;NON;NON
leve251.jpg;"[{""x"": 453663.35, ""y"": 1039352.12}, {""x"": 453688.27, ""y"": 1039350.23}, {""x"": 453686.76, ""y"": 1039330.29}, {""x"": 453661.83, ""y"": 1039332.18}]";NON;NON;NON;NON;NON;NON;OUI;NON;NON;NON;NON;NON;NON
leve252.jpg;"[{""x"": 428128.29, ""y"": 724990.23}, {""x"": 428157.79, ""y"": 724965.77}, {""x"": 428154.32, ""y"": 724951.73}, {""x"": 428137.0, ""y"": 724966.1}, {""x"": 428138.03, ""y"": 724967.34}, {""x"": 428121.01, ""y"": 724981.45}]";NON;NON;NON;NON;NON;NON;OUI;NON;NON;NON;NON;NON;NON
leve253.png;"[{""x"": 412385.2, ""y"": 701208.03}, {""x"": 412393.06, ""y"": 701108.34}, {""x"": 412343.2, ""y"": 701104.41}, {""x"": 412335.36, ""y"": 701204.11}]";NON;NON;NON;NON;NON;NON;NON;OUI;NON;NON;NON;NON;OUI
leve255.png;"[{""x"": 444618.28, ""y"": 707150.05}, {""x"": 444639.99, ""y"": 707148.89}, {""x"": 444639.25, ""y"": 707127.75}, {""x"": 444612.77, ""y"": 707129.17}]";NON;NON;NON;NON;NON;NON;OUI;OUI;NON;NON;NON;NON;OUI
leve257.png;"[{""x"": 350078.36, ""y"": 728529.28}, {""x"": 350153.29, ""y"": 728516.59}, {""x"": 350101.68, ""y"": 728455.27}, {""x"": 350056.71, ""y"": 728412.22}, {""x"": 350033.09, ""y"": 728508.04}]";NON;NON;NON;NON;NON;NON;NON;OUI;NON;NON;NON;NON;NON
leve258.png;"[{""x"": 429157.21, ""y"": 702548.62}, {""x"": 429156.96, ""y"": 702528.69}, {""x"": 429139.03, ""y"": 702527.06}, {""x"": 429137.28, ""y"": 702547.0}]";NON;NON;NON;NON;NON;NON;NON;NON;OUI;OUI;NON;NON;NON
leve259.png;"[{""x"": 429731.62, ""y"": 702674.92}, {""x"": 429733.29, ""y"": 702658.87}, {""x"": 429713.13, ""y"": 702656.87}, {""x"": 429711.6, ""y"": 702672.83}]";NON;NON;NON;NON;NON;NON;OUI;NON;NON;NON;NON;NON;NON
leve260.png;"[{""x"": 426181.36, ""y"": 725664.68}, {""x"": 426208.38, ""y"": 725647.12}, {""x"": 426240.37, ""y"": 725626.02}, {""x"": 426233.04, ""y"": 725615.1}, {""x"": 426199.84, ""y"": 725634.0}, {""x"": 426187.77, ""y"": 725640.75}, {""x"": 426170.82, ""y"": 725648.5}]";NON;NON;NON;NON;NON;NON;OUI;NON;OUI;NON;NON;NON;NON
leve261.png;"[{""x"": 403825.84, ""y"": 707630.38}, {""x"": 403836.57, ""y"": 707626.36}, {""x"": 403830.47, ""y"": 707610.52}, {""x"": 403827.18, ""y"": 707601.32}, {""x"": 403799.28, ""y"": 707612.51}]";NON;NON;NON;NON;NON;NON;NON;OUI;NON;NON;NON;NON;NON
leve262.png;"[{""x"": 461004.4, ""y"": 808900.78}, {""x"": 461218.67, ""y"": 808930.0}, {""x"": 461354.91, ""y"": 808775.06}, {""x"": 461448.88, ""y"": 808631.55}, {""x"": 461489.22, ""y"": 808380.74}, {""x"": 461481.42, ""y"": 808277.06}, {""x"": 461483.18, ""y"": 808269.43}, {""x"": 461326.57, ""y"": 808410.91}, {""x"": 461234.99, ""y"": 808473.83}, {""x"": 461190.63, ""y"": 808435.59}, {""x"": 461146.35, ""y"": 808376.36}, {""x"": 460986.32, ""y"": 808513.21}, {""x"": 461041.7, ""y"": 808610.28}]";NON;NON;NON;NON;NON;NON;NON;NON;NON;NON;NON;NON;NON
leve263.jpg;"[{""x"": 430021.41, ""y"": 726184.98}, {""x"": 430040.94, ""y"": 726181.25}, {""x"": 430035.39, ""y"": 726153.54}, {""x"": 430016.52, ""y"": 726161.02}]";NON;NON;NON;NON;NON;NON;OUI;NON;NON;NON;NON;NON;NON
leve266.png;"[{""x"": 424686.76, ""y"": 726187.88}, {""x"": 424704.73, ""y"": 726182.45}, {""x"": 424700.43, ""y"": 726167.21}, {""x"": 424698.88, ""y"": 726162.1}, {""x"": 424680.77, ""y"": 726167.57}, {""x"": 424682.25, ""y"": 726172.63}]";NON;NON;NON;NON;NON;NON;OUI;NON;NON;NON;NON;NON;NON
leve267.png;"[{""x"": 3970.37, ""y"": 5168.63}, {""x"": 4016.65, ""y"": 5149.69}, {""x"": 4081.67, ""y"": 5162.9}, {""x"": 4088.52, ""y"": 5103.78}, {""x"": 4056.7, ""y"": 5086.45}, {""x"": 4036.84, ""y"": 5070.22}, {""x"": 4012.19, ""y"": 5074.38}, {""x"": 4010.0, ""y"": 5068.25}, {""x"": 4006.42, ""y"": 5036.35}, {""x"": 4003.22, ""y"": 5008.62}, {""x"": 3977.43, ""y"": 5013.68}, {""x"": 3980.08, ""y"": 5024.13}, {""x"": 3979.67, ""y"": 5024.13}, {""x"": 3984.04, ""y"": 5040.55}, {""x"": 3992.55, ""y"": 5079.62}, {""x"": 3973.75, ""y"": 5083.06}, {""x"": 3939.01, ""y"": 5060.31}]";NON;NON;NON;NON;NON;NON;NON;NON;NON;NON;NON;NON;NON
leve268.png;"[{""x"": 427545.55, ""y"": 713949.96}, {""x"": 427543.94, ""y"": 713946.18}, {""x"": 427549.3, ""y"": 713924.85}, {""x"": 427549.21, ""y"": 713923.87}, {""x"": 427529.42, ""y"": 713949.0}]";NON;NON;NON;NON;NON;NON;OUI;NON;NON;NON;NON;NON;NON
leve269.png;"[{""x"": 500.0, ""y"": 500.0}, {""x"": 549.46, ""y"": 482.39}, {""x"": 541.43, ""y"": 460.08}, {""x"": 511.03, ""y"": 460.79}, {""x"": 482.45, ""y"": 467.2}]";NON;NON;NON;NON;NON;NON;NON;NON;NON;NON;NON;NON;NON
leve270.png;"[{""x"": 455132.23, ""y"": 705746.21}, {""x"": 455157.12, ""y"": 705746.61}, {""x"": 455157.09, ""y"": 705732.61}, {""x"": 455132.1, ""y"": 705733.16}]";NON;NON;NON;NON;NON;NON;OUI;NON;OUI;NON;NON;NON;NON
leve271.png;"[{""x"": 421962.15, ""y"": 709226.19}, {""x"": 421978.44, ""y"": 709204.4}, {""x"": 421976.4, ""y"": 709199.92}, {""x"": 421972.17, ""y"": 709197.45}, {""x"": 421958.61, ""y"": 709198.64}, {""x"": 421956.26, ""y"": 709225.67}, {""x"": 421956.26, ""y"": 709225.67}, {""x"": 421958.61, ""y"": 709198.64}, {""x"": 421947.45, ""y"": 709199.62}, {""x"": 421945.26, ""y"": 709224.71}]";NON;NON;NON;NON;NON;OUI;OUI;NON;NON;NON;NON;NON;NON
leve272.png;"[{""x"": 415367.68, ""y"": 715210.58}, {""x"": 415388.32, ""y"": 715205.42}, {""x"": 415383.31, ""y"": 715182.58}, {""x"": 415362.09, ""y"": 715187.5}]";NON;NON;NON;NON;NON;NON;NON;NON;NON;NON;NON;NON;NON
leve273.png;"[{""x"": 400435.34, ""y"": 699564.99}, {""x"": 400437.88, ""y"": 699550.89}, {""x"": 400455.79, ""y"": 699451.59}, {""x"": 400429.11, ""y"": 699446.87}, {""x"": 400402.37, ""y"": 699442.16}, {""x"": 400384.58, ""y"": 699541.89}, {""x"": 400381.38, ""y"": 699559.8}]";NON;NON;NON;NON;NON;NON;NON;OUI;NON;NON;NON;NON;NON
leve275.png;"[{""x"": 435690.3, ""y"": 705242.54}, {""x"": 435705.83, ""y"": 705222.9}, {""x"": 435692.39, ""y"": 705211.6}, {""x"": 435676.82, ""y"": 705231.29}]";NON;NON;NON;NON;NON;NON;OUI;NON;NON;NON;OUI;NON;NON
leve278.png;"[{""x"": 432859.07, ""y"": 704145.74}, {""x"": 432862.67, ""y"": 704129.04}, {""x"": 432842.54, ""y"": 704124.61}, {""x"": 432839.05, ""y"": 704141.19}]";NON;NON;NON;NON;NON;NON;OUI;NON;OUI;NON;OUI;NON;NON
leve28.png;"[{""x"": 424263.03, ""y"": 719547.86}, {""x"": 424258.82, ""y"": 719518.39}, {""x"": 424233.47, ""y"": 719526.14}, {""x"": 424236.54, ""y"": 719547.68}]";NON;NON;NON;NON;NON;OUI;OUI;NON;NON;NON;NON;NON;NON
leve289.png;"[{""x"": 425569.55, ""y"": 718731.98}, {""x"": 425582.54, ""y"": 718731.37}, {""x"": 425581.36, ""y"": 718706.4}, {""x"": 425568.38, ""y"": 718706.97}]";NON;NON;NON;NON;NON;NON;OUI;OUI;NON;NON;NON;NON;NON
leve29.png;"[{""x"": 419621.33, ""y"": 704035.51}, {""x"": 419621.33, ""y"": 704010.51}, {""x"": 419605.97, ""y"": 704010.51}, {""x"": 419605.97, ""y"": 704035.51}]";NON;NON;NON;NON;NON;OUI;OUI;NON;NON;NON;NON;NON;NON
leve290.png;"[{""x"": 408585.04, ""y"": 736221.56}, {""x"": 408608.5, ""y"": 736219.71}, {""x"": 408609.3, ""y"": 736200.14}, {""x"": 408583.49, ""y"": 736198.51}]";NON;NON;NON;NON;NON;NON;NON;NON;NON;NON;NON;NON;NON
leve291.png;"[{""x"": 455703.58, ""y"": 703700.6}, {""x"": 455704.93, ""y"": 703670.63}, {""x"": 455654.98, ""y"": 703668.38}, {""x"": 455654.3, ""y"": 703683.36}, {""x"": 455679.28, ""y"": 703684.49}, {""x"": 455678.6, ""y"": 703699.47}]";NON;OUI;NON;NON;NON;NON;OUI;OUI;OUI;NON;NON;NON;NON
leve292.png;"[{""x"": 456264.21, ""y"": 703921.09}, {""x"": 456266.24, ""y"": 703876.13}, {""x"": 456241.26, ""y"": 703875.0}, {""x"": 456239.24, ""y"": 703919.96}]";NON;OUI;NON;NON;NON;NON;OUI;OUI;OUI;NON;NON;NON;NON
leve293.png;[];NON;NON;NON;NON;NON;NON;NON;NON;NON;NON;NON;NON;NON
leve294.png;"[{""x"": 455498.46, ""y"": 704697.37}, {""x"": 455499.58, ""y"": 704672.4}, {""x"": 455454.63, ""y"": 704670.37}, {""x"": 455453.5, ""y"": 704695.35}]";NON;OUI;NON;NON;NON;NON;OUI;OUI;OUI;NON;NON;NON;NON
leve295.png;"[{""x"": 455499.58, ""y"": 704672.4}, {""x"": 455500.71, ""y"": 704647.42}, {""x"": 455455.76, ""y"": 704645.39}, {""x"": 455454.63, ""y"": 704670.37}]";NON;OUI;NON;NON;NON;NON;OUI;OUI;OUI;NON;NON;NON;NON
leve296.png;"[{""x"": 455423.53, ""y"": 704693.99}, {""x"": 455425.79, ""y"": 704644.04}, {""x"": 455395.82, ""y"": 704642.69}, {""x"": 455393.56, ""y"": 704692.64}]";NON;OUI;NON;NON;NON;NON;OUI;OUI;OUI;NON;NON;NON;NON
leve297.png;"[{""x"": 455393.56, ""y"": 704692.64}, {""x"": 455395.82, ""y"": 704642.69}, {""x"": 455362.11, ""y"": 704641.17}, {""x"": 455357.5, ""y"": 704691.01}]";NON;OUI;NON;NON;NON;NON;OUI;OUI;OUI;NON;NON;NON;NON
leve298.png;"[{""x"": 455453.5, ""y"": 704695.34}, {""x"": 455455.76, ""y"": 704645.39}, {""x"": 455425.79, ""y"": 704644.04}, {""x"": 455423.53, ""y"": 704693.99}]";NON;OUI;NON;NON;NON;NON;OUI;OUI;OUI;NON;NON;NON;NON
leve3.jpg;"[{""x"": 427094.7, ""y"": 712773.67}, {""x"": 427110.61, ""y"": 712767.66}, {""x"": 427103.58, ""y"": 712748.94}, {""x"": 427099.06, ""y"": 712746.69}, {""x"": 427084.21, ""y"": 712750.65}]";NON;NON;NON;NON;NON;NON;OUI;NON;NON;NON;NON;NON;NON
leve30.png;"[{""x"": 454785.57, ""y"": 756912.98}, {""x"": 454797.51, ""y"": 756887.8}, {""x"": 454800.03, ""y"": 756862.43}, {""x"": 454816.08, ""y"": 756786.08}, {""x"": 454818.41, ""y"": 756737.11}, {""x"": 454732.84, ""y"": 756718.58}, {""x"": 454707.16, ""y"": 756737.06}, {""x"": 454708.71, ""y"": 756768.35}, {""x"": 454707.94, ""y"": 756785.8}, {""x"": 454709.47, ""y"": 756816.91}, {""x"": 454716.87, ""y"": 756846.65}, {""x"": 454716.35, ""y"": 756855.88}, {""x"": 454715.11, ""y"": 756865.28}, {""x"": 454713.17, ""y"": 756873.3}, {""x"": 454712.4, ""y"": 756883.49}, {""x"": 454728.84, ""y"": 756889.27}, {""x"": 454756.18, ""y"": 756899.03}, {""x"": 454776.43, ""y"": 756906.92}]";NON;NON;NON;NON;NON;NON;NON;NON;NON;NON;NON;NON;NON
leve31.png;"[{""x"": 426646.34, ""y"": 711878.79}, {""x"": 426658.21, ""y"": 711861.47}, {""x"": 426656.59, ""y"": 711857.89}, {""x"": 426634.36, ""y"": 711855.58}, {""x"": 426624.82, ""y"": 711870.55}]";NON;NON;NON;NON;NON;NON;OUI;NON;OUI;NON;NON;NON;NON
leve32.png;"[{""x"": 431257.55, ""y"": 705035.72}, {""x"": 431272.84, ""y"": 705021.44}, {""x"": 431259.43, ""y"": 705007.64}, {""x"": 431244.23, ""y"": 705022.27}]";NON;NON;NON;NON;NON;NON;OUI;NON;NON;NON;NON;NON;NON
leve35.png;"[{""x"": 426342.9, ""y"": 715746.46}, {""x"": 426360.27, ""y"": 715738.39}, {""x"": 426350.46, ""y"": 715718.61}, {""x"": 426333.31, ""y"": 715727.11}]";NON;NON;NON;NON;NON;NON;OUI;NON;NON;NON;NON;NON;NON
leve38.png;"[{""x"": 417750.64, ""y"": 731432.58}, {""x"": 417772.96, ""y"": 731426.22}, {""x"": 417794.67, ""y"": 731419.97}, {""x"": 417815.62, ""y"": 731413.69}, {""x"": 417830.2, ""y"": 731408.03}, {""x"": 417829.34, ""y"": 731387.35}, {""x"": 417810.1, ""y"": 731393.98}, {""x"": 417809.5, ""y"": 731391.91}, {""x"": 417786.43, ""y"": 731398.3}, {""x"": 417766.96, ""y"": 731405.34}, {""x"": 417744.84, ""y"": 731411.7}]";NON;NON;NON;NON;NON;NON;OUI;NON;NON;NON;NON;NON;NON
leve39.png;"[{""x"": 405608.0, ""y"": 712017.56}, {""x"": 405637.45, ""y"": 712000.4}, {""x"": 405658.26, ""y"": 712035.71}, {""x"": 405667.65, ""y"": 712056.97}, {""x"": 405670.33, ""y"": 712089.04}, {""x"": 405670.21, ""y"": 712124.21}, {""x"": 405663.45, ""y"": 712160.83}, {""x"": 405650.79, ""y"": 712196.47}, {""x"": 405634.33, ""y"": 712234.34}, {""x"": 405620.01, ""y"": 712281.81}, {""x"": 405604.91, ""y"": 712330.41}, {""x"": 405591.9, ""y"": 712351.04}, {""x"": 405581.45, ""y"": 712377.9}, {""x"": 405574.9, ""y"": 712399.78}, {""x"": 405567.48, ""y"": 712422.34}, {""x"": 405550.23, ""y"": 712508.2}, {""x"": 405536.84, ""y"": 712568.97}]";NON;NON;NON;NON;NON;NON;OUI;NON;NON;NON;NON;NON;NON
leve4.jpeg;"[{""x"": 416624.41, ""y"": 706501.09}, {""x"": 416624.2, ""y"": 706475.97}, {""x"": 416604.32, ""y"": 706475.39}, {""x"": 416604.32, ""y"": 706500.43}]";NON;NON;NON;NON;NON;NON;OUI;NON;NON;OUI;NON;NON;NON
leve40.png;"[{""x"": 404868.35, ""y"": 731710.46}, {""x"": 404892.01, ""y"": 731706.61}, {""x"": 404878.23, ""y"": 731684.19}, {""x"": 404856.86, ""y"": 731689.09}]";NON;NON;NON;NON;NON;NON;OUI;OUI;NON;NON;NON;NON;NON
leve42.png;"[{""x"": 402777.25, ""y"": 704647.43}, {""x"": 402926.15, ""y"": 704645.56}, {""x"": 402926.15, ""y"": 704581.26}, {""x"": 402779.75, ""y"": 704581.26}]";NON;NON;NON;NON;NON;NON;NON;OUI;NON;NON;NON;NON;NON
leve46.png;"[{""x"": 426629.1, ""y"": 713094.47}, {""x"": 426647.88, ""y"": 713092.11}, {""x"": 426643.57, ""y"": 713076.35}, {""x"": 426624.96, ""y"": 713080.23}]";NON;NON;NON;NON;NON;NON;OUI;NON;NON;NON;NON;NON;NON
leve47.png;"[{""x"": 431233.03, ""y"": 704987.65}, {""x"": 431232.71, ""y"": 704966.79}, {""x"": 431216.45, ""y"": 704966.22}, {""x"": 431216.78, ""y"": 704987.63}]";NON;NON;NON;NON;NON;NON;OUI;NON;NON;NON;NON;NON;NON
leve48.png;"[{""x"": 433626.44, ""y"": 704655.44}, {""x"": 433639.07, ""y"": 704639.13}, {""x"": 433625.7, ""y"": 704628.58}, {""x"": 433612.68, ""y"": 704645.32}]";NON;NON;NON;NON;NON;NON;OUI;NON;NON;OUI;OUI;NON;NON
leve49.png;"[{""x"": 420494.95, ""y"": 717367.75}, {""x"": 420496.53, ""y"": 717342.38}, {""x"": 420474.38, ""y"": 717342.98}, {""x"": 420474.18, ""y"": 717367.75}]";NON;NON;NON;NON;NON;NON;OUI;NON;NON;NON;NON;NON;NON
leve5.jpeg;"[{""x"": 416624.41, ""y"": 706501.09}, {""x"": 416624.2, ""y"": 706475.97}, {""x"": 416604.32, ""y"": 706475.39}, {""x"": 416604.32, ""y"": 706500.43}]";NON;NON;NON;NON;NON;NON;OUI;NON;NON;OUI;NON;NON;NON
leve51.png;"[{""x"": 435236.78, ""y"": 703155.11}, {""x"": 435256.73, ""y"": 703130.09}, {""x"": 435237.9, ""y"": 703115.21}, {""x"": 435217.95, ""y"": 703140.23}]";NON;NON;NON;NON;NON;NON;OUI;NON;NON;OUI;OUI;NON;NON
leve52.png;"[{""x"": 436296.48, ""y"": 703484.99}, {""x"": 436311.86, ""y"": 703445.28}, {""x"": 436295.43, ""y"": 703432.21}, {""x"": 436280.05, ""y"": 703451.92}]";NON;NON;NON;NON;NON;NON;OUI;NON;NON;NON;OUI;NON;NON
leve53.png;"[{""x"": 392397.14, ""y"": 697747.99}, {""x"": 392404.44, ""y"": 697709.8}, {""x"": 392407.88, ""y"": 697691.82}, {""x"": 392365.26, ""y"": 697682.37}, {""x"": 392360.62, ""y"": 697703.26}, {""x"": 392352.86, ""y"": 697738.17}]";NON;NON;NON;NON;NON;NON;NON;OUI;NON;NON;NON;NON;NON
leve55.png;"[{""x"": 397413.0, ""y"": 698927.0}, {""x"": 397413.0, ""y"": 698892.0}, {""x"": 397418.25, ""y"": 698890.1}, {""x"": 397385.59, ""y"": 698901.98}, {""x"": 397384.63, ""y"": 698922.46}]";NON;NON;NON;NON;NON;NON;NON;NON;NON;NON;NON;NON;NON
leve56.png;"[{""x"": 408783.78, ""y"": 700628.94}, {""x"": 408792.21, ""y"": 700610.23}, {""x"": 408770.46, ""y"": 700605.17}, {""x"": 408775.58, ""y"": 700565.33}, {""x"": 408739.88, ""y"": 700554.52}, {""x"": 408732.72, ""y"": 700586.42}, {""x"": 408728.08, ""y"": 700603.83}, {""x"": 408771.26, ""y"": 700623.3}]";NON;NON;NON;NON;NON;NON;NON;OUI;NON;NON;NON;NON;NON
leve58.png;"[{""x"": 427463.87, ""y"": 714217.03}, {""x"": 427482.25, ""y"": 714201.6}, {""x"": 427465.61, ""y"": 714178.46}, {""x"": 427446.4, ""y"": 714194.45}]";NON;NON;NON;NON;NON;NON;OUI;NON;OUI;NON;NON;NON;NON
leve61.png;"[{""x"": 683.87, ""y"": 1070.64}, {""x"": 638.21, ""y"": 1068.01}, {""x"": 637.07, ""y"": 1090.47}, {""x"": 633.55, ""y"": 1123.08}, {""x"": 607.1, ""y"": 1116.26}, {""x"": 552.9, ""y"": 1098.19}, {""x"": 496.53, ""y"": 1081.94}, {""x"": 500.0, ""y"": 1000.0}, {""x"": 560.95, ""y"": 1011.29}, {""x"": 560.86, ""y"": 1006.76}, {""x"": 581.26, ""y"": 1004.67}, {""x"": 637.45, ""y"": 1007.07}, {""x"": 683.36, ""y"": 1009.02}]";NON;NON;NON;NON;NON;NON;NON;NON;NON;NON;NON;NON;NON
leve63.png;"[{""x"": 409503.01, ""y"": 712697.62}, {""x"": 409495.96, ""y"": 712628.63}, {""x"": 409496.54, ""y"": 712599.08}, {""x"": 409495.17, ""y"": 712591.57}, {""x"": 409459.27, ""y"": 712588.81}, {""x"": 409469.83, ""y"": 712635.26}, {""x"": 409431.39, ""y"": 712643.7}, {""x"": 409432.6, ""y"": 712647.81}, {""x"": 409475.55, ""y"": 712656.81}, {""x"": 409467.37, ""y"": 712695.98}]";NON;NON;NON;NON;NON;NON;NON;NON;NON;NON;NON;NON;NON
leve64.png;"[{""x"": 461035.46, ""y"": 704544.63}, {""x"": 46104.84, ""y"": 704065.69}, {""x"": 46080.18, ""y"": 704070.56}, {""x"": 460636.29, ""y"": 704049.24}, {""x"": 460577.83, ""y"": 704503.02}, {""x"": 460480.5, ""y"": 704376.0}, {""x"": 460562.12, ""y"": 704375.11}, {""x"": 460585.0, ""y"": 704226.87}, {""x"": 460603.68, ""y"": 704105.87}, {""x"": 460606.42, ""y"": 704035.77}, {""x"": 460446.08, ""y"": 704006.27}, {""x"": 460425.33, ""y"": 704154.83}, {""x"": 460404.57, ""y"": 704303.38}, {""x"": 460395.77, ""y"": 704346.4}, {""x"": 460447.76, ""y"": 704371.97}]";NON;OUI;NON;OUI;NON;NON;NON;OUI;OUI;NON;NON;NON;NON
leve65.png;"[{""x"": 402756.32, ""y"": 707531.46}, {""x"": 402806.66, ""y"": 707519.07}, {""x"": 402802.68, ""y"": 707503.32}, {""x"": 402752.59, ""y"": 707515.24}]";NON;NON;NON;NON;NON;NON;NON;OUI;NON;NON;NON;NON;NON
leve66.png;"[{""x"": 454172.06, ""y"": 705936.99}, {""x"": 454186.0, ""y"": 705935.0}, {""x"": 454181.94, ""y"": 705903.56}, {""x"": 454170.22, ""y"": 705909.77}]";NON;NON;NON;NON;NON;NON;NON;NON;NON;NON;NON;NON;OUI
leve67.png;"[{""x"": 434008.32, ""y"": 703153.7}, {""x"": 434023.65, ""y"": 703134.0}, {""x"": 434007.98, ""y"": 703121.81}, {""x"": 433992.75, ""y"": 703141.56}]";NON;NON;NON;NON;NON;NON;OUI;NON;NON;NON;OUI;NON;NON
leve68.png;"[{""x"": 433215.94, ""y"": 703105.04}, {""x"": 433230.56, ""y"": 703087.67}, {""x"": 433212.96, ""y"": 703072.86}, {""x"": 433198.34, ""y"": 703090.23}]";NON;NON;NON;NON;NON;NON;OUI;NON;NON;OUI;OUI;NON;NON
leve69.png;[];NON;NON;NON;NON;NON;NON;NON;NON;NON;NON;NON;NON;NON
leve7.png;"[{""x"": 429000.43, ""y"": 706628.0}, {""x"": 429012.64, ""y"": 706627.0}, {""x"": 429010.01, ""y"": 706602.41}, {""x"": 428997.74, ""y"": 706603.37}]";NON;NON;NON;NON;NON;OUI;OUI;NON;NON;NON;NON;NON;NON
leve71.jpeg;"[{""x"": 428222.49, ""y"": 717438.46}, {""x"": 428223.86, ""y"": 717415.25}, {""x"": 428201.89, ""y"": 717413.96}, {""x"": 428200.53, ""y"": 717437.18}]";NON;NON;NON;NON;NON;NON;OUI;NON;NON;NON;NON;NON;NON
leve76.png;"[{""x"": 396805.11, ""y"": 724810.22}, {""x"": 396852.24, ""y"": 724806.27}, {""x"": 396913.08, ""y"": 724804.47}, {""x"": 396903.63, ""y"": 724770.74}, {""x"": 396884.9, ""y"": 724710.24}, {""x"": 396877.03, ""y"": 724697.66}, {""x"": 396795.69, ""y"": 724726.02}, {""x"": 396763.78, ""y"": 724741.52}, {""x"": 396769.99, ""y"": 724747.17}, {""x"": 396780.69, ""y"": 724763.21}, {""x"": 396790.76, ""y"": 724780.56}]";NON;NON;NON;NON;NON;NON;NON;NON;NON;NON;NON;NON;NON
leve80.png;"[{""x"": 419171.34, ""y"": 703354.15}, {""x"": 419170.66, ""y"": 703329.15}, {""x"": 419156.66, ""y"": 703329.0}, {""x"": 419157.34, ""y"": 703354.0}]";NON;NON;NON;NON;NON;OUI;OUI;NON;NON;NON;NON;NON;NON
leve83.png;"[{""x"": 429780.0, ""y"": 725718.0}, {""x"": 429751.6, ""y"": 726070.71}, {""x"": 429729.05, ""y"": 725660.94}, {""x"": 429676.68, ""y"": 725562.09}, {""x"": 429643.33, ""y"": 725574.83}, {""x"": 429694.85, ""y"": 725668.03}]";NON;NON;NON;NON;NON;NON;NON;NON;NON;NON;NON;NON;NON
leve84.jpg;"[{""x"": 458647.97, ""y"": 706280.37}, {""x"": 458820.23, ""y"": 705312.25}, {""x"": 458699.14, ""y"": 705331.98}, {""x"": 458536.57, ""y"": 705358.43}, {""x"": 458384.15, ""y"": 705365.97}, {""x"": 458284.34, ""y"": 705367.38}, {""x"": 458178.5, ""y"": 705418.56}, {""x"": 458229.0, ""y"": 705627.47}, {""x"": 458279.59, ""y"": 705836.4}, {""x"": 458329.94, ""y"": 706045.48}, {""x"": 458380.49, ""y"": 706254.5}, {""x"": 458534.18, ""y"": 706269.45}]";NON;OUI;NON;NON;NON;NON;NON;OUI;OUI;NON;NON;NON;OUI
